Workbook

Sheet Schlussverzeichnis
A1: Lfd. Nr. | B1: Gläubiger | C1: Grund | D1: Festgestellt EUR | E1: Status | F1: Quote | G1: Auszahlung EUR
A2: 1 | B2: Werttal Bank eG | C2: Darlehen und Ausfall nach Sicherheitenverwertung | D2: 430000 | E2: festgestellt § 38 | F2: ='Quotenblatt'!B4 | G2: =ROUND(D2*F2,2)
A3: 2 | B3: AOK Bayern | C3: Sozialversicherungsbeiträge | D3: 98530.16 | E3: festgestellt § 38 | F3: ='Quotenblatt'!B4 | G3: =ROUND(D3*F3,2)
A4: 3 | B4: Gerätebrücke Süd GmbH | C4: Hardware- und Wartungslieferungen | D4: 225400 | E4: festgestellt § 38 | F4: ='Quotenblatt'!B4 | G4: =ROUND(D4*F4,2)
A5: 4 | B5: Labyrinth Lizenzsysteme GmbH | C5: Lizenzentgelte | D5: 185320.4 | E5: festgestellt § 38 | F5: ='Quotenblatt'!B4 | G5: =ROUND(D5*F5,2)
A6: 5 | B6: Erbengemeinschaft Zobel | C6: Mietforderungen | D6: 74250 | E6: festgestellt § 38 | F6: ='Quotenblatt'!B4 | G6: =ROUND(D6*F6,2)
A7: 6 | B7: Arbeitnehmergruppe Mainbogen | C7: Arbeitsentgelt und Urlaub | D7: 92471 | E7: festgestellt § 38 | F7: ='Quotenblatt'!B4 | G7: =ROUND(D7*F7,2)
A8: 7 | B8: Finanzamt Würzburg | C8: Steuerforderungen | D8: 166800 | E8: festgestellt § 38 | F8: ='Quotenblatt'!B4 | G8: =ROUND(D8*F8,2)
A9: 8 | B9: Kundengruppe Projektanzahlungen | C9: Rückzahlungsansprüche | D9: 118900 | E9: festgestellt § 38 | F9: ='Quotenblatt'!B4 | G9: =ROUND(D9*F9,2)
A10: 9 | B10: Frankenrack Rechenzentrum KG | C10: Hosting und Housing | D10: 83500 | E10: festgestellt § 38 | F10: ='Quotenblatt'!B4 | G10: =ROUND(D10*F10,2)
A11: 10 | B11: Dr. Elfrieda Ringelmann | C11: Projektberatung | D11: 79800 | E11: festgestellt § 38 | F11: ='Quotenblatt'!B4 | G11: =ROUND(D11*F11,2)
A12: 11 | B12: Sensorik am Main GmbH | C12: Messgeräte und Ersatzteile | D12: 68400 | E12: festgestellt § 38 | F12: ='Quotenblatt'!B4 | G12: =ROUND(D12*F12,2)
A13: 12 | B13: Sonstige festgestellte Kleingläubiger | C13: Lieferungen und Leistungen | D13: 62600 | E13: festgestellt § 38 | F13: ='Quotenblatt'!B4 | G13: =ROUND(D13*F13,2)+ROUND('Quotenblatt'!B2-SUM(G2:G12)-ROUND(D13*F13,2),2)
B14: Summe | D14: =SUM(D2:D13) | G14: =SUM(G2:G13)

Sheet Quotenblatt
A1: Kennzahl | B1: Wert
A2: Verteilungsmasse | B2: 425430
A3: Festgestellte Forderungen | B3: =Schlussverzeichnis!D14
A4: Quote | B4: =B2/B3
A5: Summe vor Centausgleich | B5: =SUMPRODUCT(ROUND(Schlussverzeichnis!D2:D13*B4,2))
A6: Rundungsdifferenz vor Centausgleich | B6: =ROUND(B2-B5,2)
A7: Centrest zugeordnet an lfd. Nr. | B7: =Schlussverzeichnis!A13
A8: Summe nach Centausgleich | B8: =Schlussverzeichnis!G14
A9: Kontrolle | B9: =ROUND(B2-B8,2)
