Workbook

Sheet Trassenstationen
A1: Entwässerungsachsen nach Bestandsaufnahme
A2: Neues Stationsregister aus 06_Aufmass_Leitungsachsen.csv. Rechnerische 10-m-Teilung innerhalb der vier Achsen; kein zusätzliches Feldaufmaß. Stationierung je Abschnitt ab null.
A3: Uwe Brinkmann, Rhume Tiefbau GmbH, Stand 25.09.2026
A4: Positionen | G4: Teillänge m
A5: 30 | G5: =SUM(G9:G38) -> 280
A8: Registerkennung | B8: Abschnitt | C8: Anfang Achse | D8: Ende Achse | E8: Station von m | F8: Station bis m | G8: Teillänge m | H8: DN laut LV | I8: Planungsstand
A9: N1-01 | B9: N1 | C9: Schacht N1 | D9: Schacht N2 | E9: 0 | F9: 10 | G9: =F9-E9 -> 10 | H9: 150 | I9: Nordzugang unverändert gewünscht
A10: N1-02 | B10: N1 | C10: Schacht N1 | D10: Schacht N2 | E10: 10 | F10: 20 | G10: =F10-E10 -> 10 | H10: 150 | I10: Nordzugang unverändert gewünscht
A11: N1-03 | B11: N1 | C11: Schacht N1 | D11: Schacht N2 | E11: 20 | F11: 30 | G11: =F11-E11 -> 10 | H11: 150 | I11: Nordzugang unverändert gewünscht
A12: N1-04 | B12: N1 | C12: Schacht N1 | D12: Schacht N2 | E12: 30 | F12: 40 | G12: =F12-E12 -> 10 | H12: 150 | I12: Nordzugang unverändert gewünscht
A13: N1-05 | B13: N1 | C13: Schacht N1 | D13: Schacht N2 | E13: 40 | F13: 50 | G13: =F13-E13 -> 10 | H13: 150 | I13: Nordzugang unverändert gewünscht
A14: N1-06 | B14: N1 | C14: Schacht N1 | D14: Schacht N2 | E14: 50 | F14: 60 | G14: =F14-E14 -> 10 | H14: 150 | I14: Nordzugang unverändert gewünscht
A15: N1-07 | B15: N1 | C15: Schacht N1 | D15: Schacht N2 | E15: 60 | F15: 70 | G15: =F15-E15 -> 10 | H15: 150 | I15: Nordzugang unverändert gewünscht
A16: N1-08 | B16: N1 | C16: Schacht N1 | D16: Schacht N2 | E16: 70 | F16: 80 | G16: =F16-E16 -> 10 | H16: 150 | I16: Nordzugang unverändert gewünscht
A17: N1-09 | B17: N1 | C17: Schacht N1 | D17: Schacht N2 | E17: 80 | F17: 86 | G17: =F17-E17 -> 6 | H17: 150 | I17: Nordzugang unverändert gewünscht
A18: S1-01 | B18: S1 | C18: Schacht N2 | D18: Schacht S2 | E18: 0 | F18: 10 | G18: =F18-E18 -> 10 | H18: 150 | I18: DN200 in technischer Klärung
A19: S1-02 | B19: S1 | C19: Schacht N2 | D19: Schacht S2 | E19: 10 | F19: 20 | G19: =F19-E19 -> 10 | H19: 150 | I19: DN200 in technischer Klärung
A20: S1-03 | B20: S1 | C20: Schacht N2 | D20: Schacht S2 | E20: 20 | F20: 30 | G20: =F20-E20 -> 10 | H20: 150 | I20: DN200 in technischer Klärung
... A38: N2-06 | B38: N2 | C38: Schacht S4 | D38: Einleitung E1 | E38: 50 | F38: 58 | G38: =F38-E38 -> 8 | H38: 150 | I38: DN150-Stutzen E1

Sheet Rohrlager
A1: DN150: Lagerbestand und Rücknahmeauskunft
A2: 18_Lagerbestaende_DN150.csv und 19_Ruecknahmeauskunft_Rohrkontor.pdf. Bestand Lager Ost; Rücknahmebeträge unter Eingangsvorbehalt, bislang keine Gutschrift.
A3: Uwe Brinkmann, Rhume Tiefbau GmbH, Stand 25.09.2026
A4: Positionen | C4: Bestand m | E4: Materialwert EUR | G4: Rücknahmeangebot EUR
A5: 8 | C5: =SUM(C9:C16) -> 300 | E5: =SUM(E9:E16) -> 10200 | G5: =SUM(G9:G16) -> 7344
A8: Kennung | B8: Zustand | C8: Bestand m | D8: Material EUR/m | E8: Materialwert EUR | F8: Bearbeitung | G8: Rücknahmeangebot EUR | H8: Rücknahmestand | I8: Aufnahme
A9: B01 | B9: Bund geschlossen | C9: 40 | D9: =Preisregister!F16 -> 34 | E9: =ROUND(C9*D9,2) -> 1360 | F9: 0.1 | G9: =ROUND(E9*(1-F9),2) -> 1224 | H9: nach unbeschädigtem Lagereingang | I9: 46289
A10: B02 | B10: Bund geschlossen | C10: 40 | D10: =Preisregister!F16 -> 34 | E10: =ROUND(C10*D10,2) -> 1360 | F10: 0.1 | G10: =ROUND(E10*(1-F10),2) -> 1224 | H10: nach unbeschädigtem Lagereingang | I10: 46289
A11: B03 | B11: Bund geschlossen | C11: 40 | D11: =Preisregister!F16 -> 34 | E11: =ROUND(C11*D11,2) -> 1360 | F11: 0.1 | G11: =ROUND(E11*(1-F11),2) -> 1224 | H11: nach unbeschädigtem Lagereingang | I11: 46289
A12: B04 | B12: Bund geschlossen | C12: 40 | D12: =Preisregister!F16 -> 34 | E12: =ROUND(C12*D12,2) -> 1360 | F12: 0.1 | G12: =ROUND(E12*(1-F12),2) -> 1224 | H12: nach unbeschädigtem Lagereingang | I12: 46289
A13: B05 | B13: Bund geschlossen | C13: 40 | D13: =Preisregister!F16 -> 34 | E13: =ROUND(C13*D13,2) -> 1360 | F13: 0.1 | G13: =ROUND(E13*(1-F13),2) -> 1224 | H13: nach unbeschädigtem Lagereingang | I13: 46289
A14: B05 | B14: Bund geschlossen | C14: 40 | D14: =Preisregister!F16 -> 34 | E14: =ROUND(C14*D14,2) -> 1360 | F14: 0.1 | G14: =ROUND(E14*(1-F14),2) -> 1224 | H14: nach unbeschädigtem Lagereingang | I14: 46289
A15: O01 | B15: geöffnet; ungekürzt; zwei Muffen verschmutzt | C15: 48 | D15: =Preisregister!F16 -> 34 | E15: =ROUND(C15*D15,2) -> 1632 | H15: Rücknahmepreis offen | I15: 46289
A16: Z01 | B16: zugeschnitten; nicht verlegt | C16: 12 | D16: =Preisregister!F16 -> 34 | E16: =ROUND(C16*D16,2) -> 408 | H16: Rücknahmepreis offen | I16: 46289

Sheet Preisregister
A1: Vertrag, Preisermittlung und Angebot N03
A2: Neues Preisregister aus den genannten Originalen. Meterkalkulation und Gesamtbeträge getrennt bezeichnet. Angebot N03 für 280 m; Lieferpreise ohne Sonderübergang E1.
A3: Uwe Brinkmann, Rhume Tiefbau GmbH, Stand 25.09.2026
A4: Positionen
A5: 27
A8: Preisstand | B8: Kalkulation | C8: Bestandteil | D8: Einheit | E8: Menge / Ansatz | F8: Satz / Basis EUR | G8: Zuschlag | H8: Wert EUR | I8: Beleg
A9: 46220 | B9: LV T02 | C9: 01.010 Rohr DN150 einschließlich Bettung | D9: m | E9: 300 | F9: 84.71 | H9: =ROUND(E9*F9,2) -> 25413 | I9: 02_Leistungsverzeichnis.pdf
A10: 46220 | B10: LV T02 | C10: 01.020 Kontrollschacht | D10: St | E10: 6 | F10: 1250 | H10: =ROUND(E10*F10,2) -> 7500 | I10: 02_Leistungsverzeichnis.pdf
A11: 46220 | B11: LV T02 | C11: 02.010 Aushub Leitungsgraben | D11: m³ | E11: 210 | F11: 24.5 | H11: =ROUND(E11*F11,2) -> 5145 | I11: 02_Leistungsverzeichnis.pdf
A12: 46220 | B12: LV T02 | C12: 02.020 Bodenabfuhr | D12: t | E12: 180 | F12: 19 | H12: =ROUND(E12*F12,2) -> 3420 | I12: 02_Leistungsverzeichnis.pdf
A13: 46220 | B13: LV T02 | C13: 03.010 Pflaster wiederherstellen | D13: m² | E13: 190 | F13: 48 | H13: =ROUND(E13*F13,2) -> 9120 | I13: 02_Leistungsverzeichnis.pdf
A14: 46220 | B14: LV T02 | C14: 04.010 Einrichtung und Verkehrssicherung | D14: psch | E14: 1 | F14: 6200 | H14: =ROUND(E14*F14,2) -> 6200 | I14: 02_Leistungsverzeichnis.pdf
A15: 46220 | B15: DN150 je m | C15: Lohn | D15: h/m | E15: 0.6 | F15: 38 | H15: =ROUND(E15*F15,2) -> 22.8 | I15: 03_Urkalkulation_Rohr.xlsx
A16: 46220 | B16: DN150 je m | C16: Rohrmaterial DN150 | D16: m/m | E16: 1 | F16: 34 | H16: =ROUND(E16*F16,2) -> 34 | I16: 03_Urkalkulation_Rohr.xlsx
A17: 46220 | B17: DN150 je m | C17: Kleingerät | D17: h/m | E17: 0.2 | F17: 48 | H17: =ROUND(E17*F17,2) -> 9.6 | I17: 03_Urkalkulation_Rohr.xlsx
A18: 46220 | B18: DN150 je m | C18: Transport | D18: psch/m | E18: 1 | F18: 6 | H18: =ROUND(E18*F18,2) -> 6 | I18: 03_Urkalkulation_Rohr.xlsx
A19: 46220 | B19: DN150 je m | C19: Zuschlag auf Einzelkosten | D19: je m | F19: =SUM(H15:H18) -> 72.4 | G19: 0.17 | H19: =ROUND(F19*G19,2) -> 12.31 | I19: 03_Urkalkulation_Rohr.xlsx
A20: 46220 | B20: DN150 je m | C20: Einheitspreis | D20: m | E20: 1 | F20: =SUM(H15:H19) -> 84.71 | H20: =ROUND(E20*F20,2) -> 84.71 | I20: 03_Urkalkulation_Rohr.xlsx
A21: 46288 | B21: DN200 je m | C21: Lohn | D21: h/m | E21: 0.85 | F21: 42 | H21: =ROUND(E21*F21,2) -> 35.7 | I21: 08_Nachtragsangebot_N03.xlsx
A22: 46288 | B22: DN200 je m | C22: Rohrmaterial DN200 | D22: m/m | E22: 1 | F22: 49.5 | H22: =ROUND(E22*F22,2) -> 49.5 | I22: 08_Nachtragsangebot_N03.xlsx
A23: 46288 | B23: DN200 je m | C23: Gerät | D23: h/m | E23: 0.3 | F23: 52 | H23: =ROUND(E23*F23,2) -> 15.6 | I23: 08_Nachtragsangebot_N03.xlsx
A24: 46288 | B24: DN200 je m | C24: Transport | D24: psch/m | E24: 1 | F24: 8.5 | H24: =ROUND(E24*F24,2) -> 8.5 | I24: 08_Nachtragsangebot_N03.xlsx
A25: 46288 | B25: DN200 je m | C25: Zuschlag auf Einzelkosten | D25: je m | F25: =SUM(H21:H24) -> 109.3 | G25: 0.18 | H25: =ROUND(F25*G25,2) -> 19.67 | I25: 08_Nachtragsangebot_N03.xlsx
A26: 46288 | B26: DN200 je m | C26: Einheitspreis | D26: m | E26: 1 | F26: =SUM(H21:H25) -> 128.97 | H26: =ROUND(E26*F26,2) -> 128.97 | I26: 08_Nachtragsangebot_N03.xlsx
A27: 46288 | B27: N03 gesamt | C27: Rohr DN200 | D27: m | E27: =Trassenstationen!G5 -> 280 | F27: =H26 -> 128.97 | H27: =ROUND(E27*F27,2) -> 36111.6 | I27: 08_Nachtragsangebot_N03.xlsx
A28: 46288 | B28: N03 gesamt | C28: Entfall DN150 | D28: m | E28: =-Trassenstationen!G5 -> -280 | F28: =H20 -> 84.71 | H28: =ROUND(E28*F28,2) -> -23718.8 | I28: 08_Nachtragsangebot_N03.xlsx
A29: 46288 | B29: N03 gesamt | C29: Neue Einrichtung | D29: psch | E29: 1 | F29: 1850 | H29: =ROUND(E29*F29,2) -> 1850 | I29: 08_Nachtragsangebot_N03.xlsx
A30: 46288 | B30: N03 gesamt | C30: Wartezeit 22. bis 25.09. | D30: Tag | E30: 4 | F30: 640 | H30: =ROUND(E30*F30,2) -> 2560 | I30: 08_Nachtragsangebot_N03.xlsx
A31: 46287 | B31: RK-26221 | C31: DN200 bei Abruf 280 m | D31: m | E31: 280 | F31: 49.5 | H31: =ROUND(E31*F31,2) -> 13860 | I31: 07_Lieferangebot_DN200.pdf
A32: 46287 | B32: RK-26221 | C32: DN200 bei Abruf 136 m | D32: m | E32: 136 | F32: 52.5 | H32: =ROUND(E32*F32,2) -> 7140 | I32: 07_Lieferangebot_DN200.pdf
A33: 46288 | B33: N03 gesamt | C33: Mehrforderung netto | D33: gesamt | H33: =SUM(H27:H30) -> 16802.8 | I33: 09_Begleitschreiben_N03.docx
A34: 46288 | B34: N03 gesamt | C34: Umsatzsteuer | D34: gesamt | F34: =H33 -> 16802.8 | G34: 0.19 | H34: =ROUND(F34*G34,2) -> 3192.53 | I34: 08_Nachtragsangebot_N03.xlsx
A35: 46288 | B35: N03 gesamt | C35: Mehrforderung brutto | D35: gesamt | H35: =SUM(H33:H34) -> 19995.33 | I35: 08_Nachtragsangebot_N03.xlsx
