Workbook

Sheet Vergleich
A1: Fuldabogen Spezialdruck GmbH
A2: Kostenvergleich 2027
A3: Leonie Hartung · 22.09.2026 · Nettobeträge in EUR; keine Preisfreigabe
A5: Position | B5: Werkspur bis 9.600 h | C5: Werkspur bei Planung | D5: Druckerei Vorschlag
A6: Jährliche Betreuung | B6: =B14*Ansätze!$B$19 -> 32640 | C6: =C14*Ansätze!$B$19 -> 35520 | D6: =D14*Ansätze!$B$19 -> 29400
A7: Material über Kontingent | B7: =MAX(Ansätze!$B$7-Ansätze!C10,0) -> 400 | C7: =MAX(Ansätze!$B$7-Ansätze!C11,0) -> 400 | D7: =MAX(Ansätze!$B$7-Ansätze!C12,0) -> 0
A8: Einmaliger Umbau | B8: =Ansätze!E10 -> 4800 | C8: =Ansätze!E11 -> 4800 | D8: =Ansätze!E12 -> 4200
A9: Gesamt netto 2027 | B9: =SUM(B6:B8,B18) -> 37840 | C9: =SUM(C6:C8,C18) -> 40720 | D9: =SUM(D6:D8,D18) -> 33600
A10: Umsatzsteuer | B10: =ROUND(B9*Ansätze!$B$8,2) -> 7189.6 | C10: =ROUND(C9*Ansätze!$B$8,2) -> 7736.8 | D10: =ROUND(D9*Ansätze!$B$8,2) -> 6384
A11: Gesamt brutto 2027 | B11: =SUM(B9:B10) -> 45029.6 | C11: =SUM(C9:C10) -> 48456.8 | D11: =SUM(D9:D10) -> 39984
A12: Mehrbetrag zur Gegenfassung netto | B12: =B9-$D$9 -> 4240 | C12: =C9-$D$9 -> 7120 | D12: =D9-$D$9 -> 0
A14: Monat inkl. Bereitschaft / Remote | B14: =SUM(Ansätze!B10,Ansätze!$B$14:$B$15) -> 2720 | C14: =IF(SUM(Ansätze!B5:B6)<=Ansätze!B20,Ansätze!B10,Ansätze!B11)+SUM(Ansätze!B14:B15) -> 2960 | D14: =Ansätze!B12 -> 2450
A15: Jahresstunden des Preisstands | B15: =Ansätze!B20 -> 9600 | C15: =SUM(Ansätze!B5:B6) -> 10900 | D15: =C15 -> 10900
A16: Enthaltene Entstörungsstunden | B16: =Ansätze!D10 -> 40 | C16: =Ansätze!D11 -> 40 | D16: =Ansätze!D12 -> 60
A17: Angenommene Entstörungsstunden | B17: =Ansätze!$B$18 -> 36 | C17: =Ansätze!$B$18 -> 36 | D17: =Ansätze!$B$18 -> 36
A18: Zusätzliche Entstörungsstunden netto | B18: =MAX(B17-B16,0)*Ansätze!$B$21 -> 0 | C18: =MAX(C17-C16,0)*Ansätze!$B$21 -> 0 | D18: =MAX(D17-D16,0)*Ansätze!$C$21 -> 0
A19: Betreuung 2028 nur bei maximaler Erhöhung | B19: =ROUND(B6*(1+Ansätze!F10),2) -> 34272 | C19: =ROUND(C6*(1+Ansätze!F11),2) -> 37296 | D19: =ROUND(D6*(1+Ansätze!F12),2) -> 30282
A20: Mehrbetrag Betreuung gegenüber 2027 | B20: =B19-B6 -> 1632 | C20: =C19-C6 -> 1776 | D20: =D19-D6 -> 882
A22: Bis 9.600 h: Angebotsuntergrenze, nicht die Planung von 10.900 h.
A23: Materialansatz ohne Motoren, Rechner und UV-Leuchtmittel; nur Stückpreise bis 750 EUR.
A24: 36 Entstörungsstunden liegen in allen Kontingenten. Zusätzliche Stunden sind hier nicht angesetzt.
A25: 2028: vertragliche Erhöhungsgrenzen, keine Prognose und kein vorhandener Indexnachweis.
A26: Altvertrag: 19.200 EUR netto pro Jahr, Ende 31.12.2026; keine Verlängerungsofferte.

Sheet Ansätze
A1: Ansätze und Quellen
A2: Budget B-2027/09 · Eingaben aus den bezeichneten Unterlagen
A4: Treiber | B4: Wert | C4: Einheit | E4: Quelle
A5: K1 Planung 2027 | B5: 5400 | C5: h | E5: 25_Budgetansatz_Einkauf_2026-09-22.pdf, Ziffer 1
A6: K2 Planung 2027 | B6: 5500 | C6: h | E6: 25_Budgetansatz_Einkauf_2026-09-22.pdf, Ziffer 1
A7: Gedeckter Teileverbrauch | B7: 3900 | C7: EUR netto | E7: 25_Budgetansatz_Einkauf_2026-09-22.pdf, Ziffer 1; Einkaufsreserve
A8: Umsatzsteuer | B8: 0.19 | C8: Satz | E8: 25_Budgetansatz_Einkauf_2026-09-22.pdf, Ziffer 2
A9: Preisstand | B9: Monat EUR | C9: Teile EUR/Jahr | D9: Arbeit h/Jahr | E9: Umbau EUR | F9: Anpassung max.
A10: Werkspur ≤ 9.600 h | B10: 2150 | C10: 3500 | D10: 40 | E10: 4800 | F10: 0.05
A11: Werkspur > 9.600 h | B11: 2390 | C11: 3500 | D11: 40 | E11: 4800 | F11: 0.05
A12: Druckerei ≤ 12.000 h | B12: 2450 | C12: 6000 | D12: 60 | E12: 4200 | F12: 0.03
A14: Werkspur Bereitschaft | B14: 450 | C14: EUR/Monat | E14: 16_Lieferantenfassung_2026-09-18.docx, Ziffer 10
A15: Werkspur Remote | B15: 120 | C15: EUR/Monat | E15: 16_Lieferantenfassung_2026-09-18.docx, Ziffer 10
A16: Werkspur Zeilen 10/11 | E16: 16_Lieferantenfassung_2026-09-18.docx, Ziffern 4, 7, 10 bis 12
A17: Druckerei Zeile 12 | E17: 20_Druckereifassung_2026-09-21.docx, Ziffern 4, 7, 10 bis 12
A18: Entstörungsansatz 2027 | B18: 36 | C18: h | E18: 25_Budgetansatz_Einkauf_2026-09-22.pdf, Ziffer 1
A19: Monate im Kalenderjahr | B19: 12 | C19: Monate | E19: Rechenkonstante: Januar bis Dezember
A20: Untere Stufengrenze | B20: 9600 | C20: h | E20: 16_Lieferantenfassung_2026-09-18.docx, Ziffer 10
A21: Mehrstunde Anbieter / Kunde | B21: 125 | C21: 115 | D21: EUR/h | E21: Vertragsfassungen, jeweils Ziffer 4
A22: Zahlungsabgleich Bestand | B22: Brutto EUR | C22: Bezahlt EUR | D22: Offen EUR | E22: Quelle
A23: WS-260701 | B23: 5712 | C23: =3000+2712 -> 5712 | D23: =B23-C23 -> 0 | E23: 09_Rechnung_WS-260701.pdf; 11_Zahlungsjournal_2026-09-22.csv
A24: WS-260914 | B24: 2064.65 | C24: =1000+500 -> 1500 | D24: =B24-C24 -> 564.65 | E24: 10_Rechnung_WS-260914.pdf; 11_Zahlungsjournal_2026-09-22.csv
A26: Budgetmaterial 2027 ist kein Ist-Verbrauch. Materialliste 2026 enthält 1.283 EUR netto.
