Workbook

Sheet Abgleich
A2: Aufmaß und Schlussrechnung Los 1
A3: Hartwig Architektur · 25.09.2026 · Fortführung zu 35, 36 und 37
A7: Position | B7: Menge laut Rechnung | C7: AM 07 Menge | D7: EP netto EUR | E7: Verlangt EUR | F7: Prüfansatz EUR | G7: Differenz EUR | H7: Beleg
A8: 2.1 Einrichtung | B8: 1 | C8: =Mengen!E8 -> 1 | D8: 9000 | E8: =IF(OR(NOT(ISNUMBER(B8)),NOT(ISNUMBER(D8))),"Eingabe fehlt",ROUND(B8*D8,2)) -> 9000 | F8: =IF(OR(NOT(ISNUMBER(C8)),NOT(ISNUMBER(D8))),"Eingabe fehlt",ROUND(C8*D8,2)) -> 9000 | G8: =IF(OR(NOT(ISNUMBER(E8)),NOT(ISNUMBER(F8))),"Offen",E8-F8) -> 0 | H8: 25 / Preis; 35 / Menge; 36 / Rechnung
A9: 2.2 Rückbau | B9: 216 | C9: =Mengen!E9 -> 216 | D9: 41 | E9: =IF(OR(NOT(ISNUMBER(B9)),NOT(ISNUMBER(D9))),"Eingabe fehlt",ROUND(B9*D9,2)) -> 8856 | F9: =IF(OR(NOT(ISNUMBER(C9)),NOT(ISNUMBER(D9))),"Eingabe fehlt",ROUND(C9*D9,2)) -> 8856 | G9: =IF(OR(NOT(ISNUMBER(E9)),NOT(ISNUMBER(F9))),"Offen",E9-F9) -> 0 | H9: 25 / Preis; 35 / Menge; 36 / Rechnung
A10: 2.3 Aushub | B10: 66 | C10: =Mengen!E10 -> 66 | D10: 92 | E10: =IF(OR(NOT(ISNUMBER(B10)),NOT(ISNUMBER(D10))),"Eingabe fehlt",ROUND(B10*D10,2)) -> 6072 | F10: =IF(OR(NOT(ISNUMBER(C10)),NOT(ISNUMBER(D10))),"Eingabe fehlt",ROUND(C10*D10,2)) -> 6072 | G10: =IF(OR(NOT(ISNUMBER(E10)),NOT(ISNUMBER(F10))),"Offen",E10-F10) -> 0 | H10: 25 / Preis; 35 / Menge; 36 / Rechnung
A11: 2.4 Fundamente | B11: 25.2 | C11: =Mengen!E11 -> 25.2 | D11: 330 | E11: =IF(OR(NOT(ISNUMBER(B11)),NOT(ISNUMBER(D11))),"Eingabe fehlt",ROUND(B11*D11,2)) -> 8316 | F11: =IF(OR(NOT(ISNUMBER(C11)),NOT(ISNUMBER(D11))),"Eingabe fehlt",ROUND(C11*D11,2)) -> 8316 | G11: =IF(OR(NOT(ISNUMBER(E11)),NOT(ISNUMBER(F11))),"Offen",E11-F11) -> 0 | H11: 25 / Preis; 35 / Menge; 36 / Rechnung
A12: 2.5 Bodenplatte | B12: 80 | C12: =Mengen!E12 -> 80 | D12: 152 | E12: =IF(OR(NOT(ISNUMBER(B12)),NOT(ISNUMBER(D12))),"Eingabe fehlt",ROUND(B12*D12,2)) -> 12160 | F12: =IF(OR(NOT(ISNUMBER(C12)),NOT(ISNUMBER(D12))),"Eingabe fehlt",ROUND(C12*D12,2)) -> 12160 | G12: =IF(OR(NOT(ISNUMBER(E12)),NOT(ISNUMBER(F12))),"Offen",E12-F12) -> 0 | H12: 25 / Preis; 35 / Menge; 36 / Rechnung
A13: 2.6 Mauerwerk | B13: 98 | C13: =Mengen!E13 -> 98 | D13: 135 | E13: =IF(OR(NOT(ISNUMBER(B13)),NOT(ISNUMBER(D13))),"Eingabe fehlt",ROUND(B13*D13,2)) -> 13230 | F13: =IF(OR(NOT(ISNUMBER(C13)),NOT(ISNUMBER(D13))),"Eingabe fehlt",ROUND(C13*D13,2)) -> 13230 | G13: =IF(OR(NOT(ISNUMBER(E13)),NOT(ISNUMBER(F13))),"Offen",E13-F13) -> 0 | H13: 25 / Preis; 35 / Menge; 36 / Rechnung
A14: 2.7 Sockel | B14: 42 | C14: =Mengen!E14 -> 42 | D14: 205 | E14: =IF(OR(NOT(ISNUMBER(B14)),NOT(ISNUMBER(D14))),"Eingabe fehlt",ROUND(B14*D14,2)) -> 8610 | F14: =IF(OR(NOT(ISNUMBER(C14)),NOT(ISNUMBER(D14))),"Eingabe fehlt",ROUND(C14*D14,2)) -> 8610 | G14: =IF(OR(NOT(ISNUMBER(E14)),NOT(ISNUMBER(F14))),"Offen",E14-F14) -> 0 | H14: 25 / Preis; 35 / Menge; 36 / Rechnung
A15: 2.8 Innenputz | B15: 150 | C15: =Mengen!E15 -> 150 | D15: 52 | E15: =IF(OR(NOT(ISNUMBER(B15)),NOT(ISNUMBER(D15))),"Eingabe fehlt",ROUND(B15*D15,2)) -> 7800 | F15: =IF(OR(NOT(ISNUMBER(C15)),NOT(ISNUMBER(D15))),"Eingabe fehlt",ROUND(C15*D15,2)) -> 7800 | G15: =IF(OR(NOT(ISNUMBER(E15)),NOT(ISNUMBER(F15))),"Offen",E15-F15) -> 0 | H15: 25 / Preis; 35 / Menge; 36 / Rechnung
A16: 2.9 Dach | B16: 80 | C16: =Mengen!E16 -> 80 | D16: 268 | E16: =IF(OR(NOT(ISNUMBER(B16)),NOT(ISNUMBER(D16))),"Eingabe fehlt",ROUND(B16*D16,2)) -> 21440 | F16: =IF(OR(NOT(ISNUMBER(C16)),NOT(ISNUMBER(D16))),"Eingabe fehlt",ROUND(C16*D16,2)) -> 21440 | G16: =IF(OR(NOT(ISNUMBER(E16)),NOT(ISNUMBER(F16))),"Offen",E16-F16) -> 0 | H16: 25 / Preis; 35 / Menge; 36 / Rechnung
A17: 2.10 Türen | B17: 3 | C17: =Mengen!E17 -> 3 | D17: 2590 | E17: =IF(OR(NOT(ISNUMBER(B17)),NOT(ISNUMBER(D17))),"Eingabe fehlt",ROUND(B17*D17,2)) -> 7770 | F17: =IF(OR(NOT(ISNUMBER(C17)),NOT(ISNUMBER(D17))),"Eingabe fehlt",ROUND(C17*D17,2)) -> 7770 | G17: =IF(OR(NOT(ISNUMBER(E17)),NOT(ISNUMBER(F17))),"Offen",E17-F17) -> 0 | H17: 25 / Preis; 35 / Menge; 36 / Rechnung
A18: 2.11 Rampe | B18: 21.45 | C18: =Mengen!E18 -> 21.45 | D18: 260 | E18: =IF(OR(NOT(ISNUMBER(B18)),NOT(ISNUMBER(D18))),"Eingabe fehlt",ROUND(B18*D18,2)) -> 5577 | F18: =IF(OR(NOT(ISNUMBER(C18)),NOT(ISNUMBER(D18))),"Eingabe fehlt",ROUND(C18*D18,2)) -> 5577 | G18: =IF(OR(NOT(ISNUMBER(E18)),NOT(ISNUMBER(F18))),"Offen",E18-F18) -> 0 | H18: 25 / Preis; 35 / Menge; 36 / Rechnung
A19: 2.12 Rinne | B19: 9.4 | C19: =Mengen!E19 -> 9.4 | D19: 172 | E19: =IF(OR(NOT(ISNUMBER(B19)),NOT(ISNUMBER(D19))),"Eingabe fehlt",ROUND(B19*D19,2)) -> 1616.8 | F19: =IF(OR(NOT(ISNUMBER(C19)),NOT(ISNUMBER(D19))),"Eingabe fehlt",ROUND(C19*D19,2)) -> 1616.8 | G19: =IF(OR(NOT(ISNUMBER(E19)),NOT(ISNUMBER(F19))),"Offen",E19-F19) -> 0 | H19: 25 / Preis; 35 / Menge; 36 / Rechnung
A20: N01.1 Leitung | B20: 14 | C20: 14 | D20: 145 | E20: =IF(AND(ISNUMBER(B20),ISNUMBER(D20)),ROUND(B20*D20,2),"Eingabe fehlt") -> 2030 | F20: =IF(AND(ISNUMBER(C20),ISNUMBER(D20)),ROUND(C20*D20,2),"Eingabe fehlt") -> 2030 | G20: =IF(AND(ISNUMBER(E20),ISNUMBER(F20)),E20-F20,"Offen") -> 0 | H20: 33, 34 und 35
A21: N01.2 Graben | B21: 4 | C21: 4 | D21: 92 | E21: =IF(AND(ISNUMBER(B21),ISNUMBER(D21)),ROUND(B21*D21,2),"Eingabe fehlt") -> 368 | F21: =IF(AND(ISNUMBER(C21),ISNUMBER(D21)),ROUND(C21*D21,2),"Eingabe fehlt") -> 368 | G21: =IF(AND(ISNUMBER(E21),ISNUMBER(F21)),E21-F21,"Offen") -> 0 | H21: 33, 34 und 35
A22: N01.3 Abtransport | B22: 1 | C22: 1 | D22: 380 | E22: =IF(AND(ISNUMBER(B22),ISNUMBER(D22)),ROUND(B22*D22,2),"Eingabe fehlt") -> 380 | F22: =IF(AND(ISNUMBER(C22),ISNUMBER(D22)),ROUND(C22*D22,2),"Eingabe fehlt") -> 380 | G22: =IF(AND(ISNUMBER(E22),ISNUMBER(F22)),E22-F22,"Offen") -> 0 | H22: 33, 34 und 35
A23: N01.4 Anschluss | B23: 16 | C23: 16 | D23: 58 | E23: =IF(AND(ISNUMBER(B23),ISNUMBER(D23)),ROUND(B23*D23,2),"Eingabe fehlt") -> 928 | F23: =IF(AND(ISNUMBER(C23),ISNUMBER(D23)),ROUND(C23*D23,2),"Eingabe fehlt") -> 928 | G23: =IF(AND(ISNUMBER(E23),ISNUMBER(F23)),E23-F23,"Offen") -> 0 | H23: 33, 34 und 35
A24: N01.5 Bereitschaft | B24: 2 | C24: nicht bestätigt | D24: 620 | E24: =IF(AND(ISNUMBER(B24),ISNUMBER(D24)),ROUND(B24*D24,2),"Eingabe fehlt") -> 1240 | F24: =IF(NOT(ISNUMBER(E24)),"Eingabe fehlt",IF(OR(NOT(ISNUMBER(Prüfannahmen!B8)),Prüfannahmen!B8<0,Prüfannahmen!B8>1),"Anteil prüfen",ROUND(E24*Prüfannahmen!B8,2))) -> 0 | G24: =IF(AND(ISNUMBER(E24),ISNUMBER(F24)),E24-F24,"Offen") -> 1240 | H24: 33 und 47; 34 ohne Freigabe
A26: Gesamt netto | E26: =IF(COUNT(E8:E24)<>17,"Eingabe fehlt",SUM(E8:E24)) -> 115393.8 | F26: =IF(COUNT(F8:F24)<>17,"Eingabe fehlt",SUM(F8:F24)) -> 114153.8
A27: Umsatzsteuer | E27: =IF(AND(ISNUMBER(E26),ISNUMBER(Prüfannahmen!B9)),ROUND(E26*Prüfannahmen!B9,2),"Offen") -> 21924.82 | F27: =IF(AND(ISNUMBER(F26),ISNUMBER(Prüfannahmen!B9)),ROUND(F26*Prüfannahmen!B9,2),"Offen") -> 21689.22
A28: Gesamt brutto | E28: =IF(ISNUMBER(E27),E26+E27,"Offen") -> 137318.62 | F28: =IF(ISNUMBER(F27),F26+F27,"Offen") -> 135843.02
A30: Nach bekannten Abschlägen | E30: =IF(AND(ISNUMBER(E28),COUNT(Prüfannahmen!B10:B11)=2),E28-SUM(Prüfannahmen!B10:B11),"Offen") -> 54018.62 | F30: =IF(AND(ISNUMBER(F28),COUNT(Prüfannahmen!B10:B11)=2),F28-SUM(Prüfannahmen!B10:B11),"Offen") -> 52543.02 | G30: =IF(AND(ISNUMBER(E30),ISNUMBER(F30)),E30-F30,"Offen") -> 1475.6
A32: Rest nach späterer Zahlung | F32: =IF(OR(Prüfannahmen!B12<>"Belegt",NOT(ISNUMBER(Prüfannahmen!B13)),Prüfannahmen!B14="",NOT(ISNUMBER(F30))),"Zahlungsbeleg fehlt",F30-Prüfannahmen!B13) -> Zahlungsbeleg fehlt
A33: 1 Lesen: Verlangt folgt Rechnung 36. Prüfansatz folgt AM-07 und dem Anteil auf Prüfannahmen.
A34: 2 Ausgangsstand: 114.153,80 EUR netto geprüft; N01.5 mit 1.240,00 EUR netto weiter streitig.
A35: 3 F30 ist ein historischer Prüfungsvorschlag. F32 bleibt bis zum späteren Zahlungsnachweis offen.
A36: Änderungen in Mengen oder Prüfannahmen wirken auf die Berechnung, nicht auf die alten Originale.

Sheet Mengen
A2: Mengenherleitung aus AM 07
A3: Übertragung vom 23.09.2026 (46). Keine neue Vermessung verdeckter Bauteile.
A7: Position | B7: Basis | C7: Faktor | D7: Zusatz | E7: AM 07 Menge | F7: Einheit | G7: Quelle und Grenze
A8: 2.1 Einrichtung | B8: 1 | C8: 1 | D8: 0 | E8: =IF(OR(NOT(ISNUMBER(B8)),NOT(ISNUMBER(C8)),NOT(ISNUMBER(D8))),"Eingabe fehlt",ROUND(B8*C8+D8,2)) -> 1 | F8: psch | G8: 35, AM-07; eine Pauschale.
A9: 2.2 Rückbau | B9: 18 | C9: 12 | D9: 0 | E9: =IF(OR(NOT(ISNUMBER(B9)),NOT(ISNUMBER(C9)),NOT(ISNUMBER(D9))),"Eingabe fehlt",ROUND(B9*C9+D9,2)) -> 216 | F9: m² | G9: 35, AM-07: 18,00 × 12,00 m.
A10: 2.3 Aushub | B10: 60 | C10: 1 | D10: 6 | E10: =IF(OR(NOT(ISNUMBER(B10)),NOT(ISNUMBER(C10)),NOT(ISNUMBER(D10))),"Eingabe fehlt",ROUND(B10*C10+D10,2)) -> 66 | F10: m³ | G10: 35 und 46: ohne 4 m³ N01.2. Geometrisches Einzelblatt fehlt.
A11: 2.4 Fundamente | B11: 24 | C11: 1 | D11: 1.2 | E11: =IF(OR(NOT(ISNUMBER(B11)),NOT(ISNUMBER(C11)),NOT(ISNUMBER(D11))),"Eingabe fehlt",ROUND(B11*C11+D11,2)) -> 25.2 | F11: m³ | G11: 35 und 46: verdeckte Verbreiterung übernommen.
A12: 2.5 Bodenplatte | B12: 10 | C12: 8 | D12: 0 | E12: =IF(OR(NOT(ISNUMBER(B12)),NOT(ISNUMBER(C12)),NOT(ISNUMBER(D12))),"Eingabe fehlt",ROUND(B12*C12+D12,2)) -> 80 | F12: m² | G12: 35: Anbau 10,00 × 8,00 m.
A13: 2.6 Mauerwerk | B13: 95 | C13: 1 | D13: 3 | E13: =IF(OR(NOT(ISNUMBER(B13)),NOT(ISNUMBER(C13)),NOT(ISNUMBER(D13))),"Eingabe fehlt",ROUND(B13*C13+D13,2)) -> 98 | F13: m² | G13: 35: Grund- und Zusatzfläche; Öffnungen gemäß LV abgezogen.
A14: 2.7 Sockel | B14: 36 | C14: 1 | D14: 6 | E14: =IF(OR(NOT(ISNUMBER(B14)),NOT(ISNUMBER(C14)),NOT(ISNUMBER(D14))),"Eingabe fehlt",ROUND(B14*C14+D14,2)) -> 42 | F14: m² | G14: 35: Feststellung vor Verfüllung am 03.10.2023.
A15: 2.8 Innenputz | B15: 144 | C15: 1 | D15: 6 | E15: =IF(OR(NOT(ISNUMBER(B15)),NOT(ISNUMBER(C15)),NOT(ISNUMBER(D15))),"Eingabe fehlt",ROUND(B15*C15+D15,2)) -> 150 | F15: m² | G15: 35: Zusatzfläche ohne neue Schadenszuordnung.
A16: 2.9 Dach | B16: 10 | C16: 8 | D16: 0 | E16: =IF(OR(NOT(ISNUMBER(B16)),NOT(ISNUMBER(C16)),NOT(ISNUMBER(D16))),"Eingabe fehlt",ROUND(B16*C16+D16,2)) -> 80 | F16: m² | G16: 35: Anbau 10,00 × 8,00 m.
A17: 2.10 Türen | B17: 3 | C17: 1 | D17: 0 | E17: =IF(OR(NOT(ISNUMBER(B17)),NOT(ISNUMBER(C17)),NOT(ISNUMBER(D17))),"Eingabe fehlt",ROUND(B17*C17+D17,2)) -> 3 | F17: St | G17: 35: drei Außentüren.
A18: 2.11 Rampe | B18: 12 | C18: 1.5 | D18: =IF(COUNT(E23:E24)<>2,"Eingabe fehlt",SUM(E23:E24)) -> 3.45 | E18: =IF(OR(NOT(ISNUMBER(B18)),NOT(ISNUMBER(C18)),NOT(ISNUMBER(D18))),"Eingabe fehlt",ROUND(B18*C18+D18,2)) -> 21.45 | F18: m² | G18: 35 und 46: Läufe, Zwischenpodest und Anschlussstreifen.
A19: 2.12 Rinne | B19: 9 | C19: 1 | D19: 0.4 | E19: =IF(OR(NOT(ISNUMBER(B19)),NOT(ISNUMBER(C19)),NOT(ISNUMBER(D19))),"Eingabe fehlt",ROUND(B19*C19+D19,2)) -> 9.4 | F19: m | G19: 35: Endstück 0,40 m; keine Gefällemessung.
A23: Zwischenpodest | B23: 1.5 | C23: 1.5 | E23: =IF(AND(ISNUMBER(B23),ISNUMBER(C23)),B23*C23,"Eingabe fehlt") -> 2.25 | F23: m² | G23: 35: 1,50 × 1,50 m.
A24: Anschlussstreifen | E24: 1.2 | F24: m² | G24: 35: Flächenwert ohne getrennte Kantenlängen.
A27: Gelb = übertragene Eingabe, Schwarz = Rechnung. Basis × Faktor + Zusatz ergibt die Menge.
A29: Einheiten sind positionsbezogen. Bei einfachen Mengenüberträgen ist der Faktor 1 dimensionslos.
A31: Fehlende Eingaben werden angezeigt. Eine echte Null bleibt eine Null und ist keine fehlende Angabe.
A33: Die ursprünglichen AM-07 Werte bleiben in Rechnung 36 und Datei 35 unverändert dokumentiert.

Sheet Prüfannahmen
A2: Prüfanteil und Zahlungsbelege
A3: Eingaben gelb. Die ursprüngliche Prüfung 37 und die Rechnung 36 bleiben unverändert.
A7: Eingabe oder Beleg | B7: Wert | C7: Einheit | D7: Erläuterung
A8: Prüfanteil N01.5 | B8: 0 | C8: Anteil | D8: 0 % = bisher keine Freigabe. 50 % wäre ein unverbindliches Rechenszenario.
A9: Umsatzsteuersatz | B9: 0.19 | C9: Anteil | D9: 36, Schlussrechnung: 19 Prozent.
A10: Abschlag 12.10.2023 | B10: 35700 | C10: EUR brutto | D10: 36, Abschnitt 2: vereinnahmt zu LB-231002.
A11: Abschlag 18.12.2023 | B11: 47600 | C11: EUR brutto | D11: 36, Abschnitt 2: vereinnahmt zu LB-231201.
A12: Spätere Zahlung nachgewiesen | B12: Offen | D12: Offen lässt den heutigen Restbetrag unbestimmt. Null ist erst bei bestätigtem Zahlungsverlauf zulässig.
A13: Späterer Zahlbetrag | C13: EUR brutto | D13: Nur belegte Zahlungen nach den beiden Abschlägen erfassen. Keine Summe aus dem Prüfungsvorschlag übertragen.
A14: Beleg der späteren Zahlung | D14: Kontoauszug oder Bestätigung mit Datum und Rechnungsbezug eintragen.
A16: Aktueller Belegstatus | B16: =IF(OR(B12<>"Belegt",NOT(ISNUMBER(B13)),B14=""),"Zahlungsbeleg fehlt","Beleg eingetragen") -> Zahlungsbeleg fehlt
A19: 1 Bedienung
A20: Nur gelbe Felder ändern. Formeln stehen in schwarzen Zellen. Beleg und Zahlung gemeinsam erfassen.
A22: 2 Rechenweg
A23: Mengen × Vertragspreis ergeben den Grundauftrag. N01.5 wird mit dem eingegebenen Anteil bewertet.
A25: 3 Grenzen
A26: Kein Zahlungsauftrag, Anerkenntnis oder Mängelabzug. Keine automatische Festlegung von Fälligkeit.
A27: Prüfanteile zwischen 0 und 100 Prozent sind Recheneingaben und ersetzen keine Einigung.
