Workbook

Sheet Kostenstand
A2: Wohnhof Am Steinbogen 18 · Kostenentwicklung
A3: SW-HI-26-08 · Beträge in EUR
A5: KG | B5: Kostenbereich | C5: Ausgang EUR | D5: Abgerechnet EUR | E5: Änderung EUR
A6: 100 | B6: Grundstück und Erwerbsnebenkosten | C6: 500463.01 | D6: =SUMIF(Belege!$B$6:$B$43,A6,Belege!$G$6:$G$43) -> 500463.01 | E6: =D6-C6 -> 0
A7: 200 | B7: Hausanschlüsse | C7: 41650 | D7: =SUMIF(Belege!$B$6:$B$43,A7,Belege!$G$6:$G$43) -> 41650 | E7: =D7-C7 -> 0
A8: 300 | B8: Baukonstruktion | C8: 1654100 | D8: =SUMIF(Belege!$B$6:$B$43,A8,Belege!$G$6:$G$43) -> 1672545 | E8: =D8-C8 -> 18445
A9: 400 | B9: Technische Anlagen | C9: 669750 | D9: =SUMIF(Belege!$B$6:$B$43,A9,Belege!$G$6:$G$43) -> 669750 | E9: =D9-C9 -> 0
A10: 500 | B10: Außenanlagen | C10: 142800 | D10: =SUMIF(Belege!$B$6:$B$43,A10,Belege!$G$6:$G$43) -> 142800 | E10: =D10-C10 -> 0
A11: 700 | B11: Planung, Versicherung, Gebühren | C11: 365007.4 | D11: =SUMIF(Belege!$B$6:$B$43,A11,Belege!$G$6:$G$43) -> 365007.4 | E11: =D11-C11 -> 0
A12: 800 | B12: Finanzierung bis Ende 2028 | C12: 90000 | D12: =SUMIF(Belege!$B$6:$B$43,A12,Belege!$G$6:$G$43) -> 90000 | E12: =D12-C12 -> 0
A13: Summe | C13: =SUM(C6:C12) -> 3463770.4 | D13: =SUM(D6:D12) -> 3482215.4 | E13: =SUM(E6:E12) -> 18445
B16: Freigegebener Kostenrahmen | C16: 3650000
B17: Noch verfügbar bis Kostenrahmen | C17: =C16-D13 -> 167784.59
B18: Eigenkapital und Darlehen | C18: 3700000
B19: Projektmittel nach Belegbeträgen | C19: =C18-D13 -> 217784.59
B22: Stand 05.10.2033. Kostenfortschreibung einschließlich LPH 9.
B23: Projektkosten und Zahlungen sind getrennt; keine AfA- oder Bilanzberechnung.
B24: Umsatzsteuerbeträge werden für die Wohnvermietung nicht als Vorsteuer abgezogen.

Sheet Belege
A2: Projektbelege
A3: SW-HI-26-08 · Beträge in EUR
A5: Beleg | B5: KG | C5: Datum | D5: Leistung | E5: Netto EUR | F5: USt EUR | G5: Brutto EUR
A6: KP-2026-118 | B6: 100 | C6: 46342 | D6: Kaufpreisfälligkeit Grundstück | E6: 450000 | F6: 0 | G6: =SUM(E6:F6) -> 450000
A7: GRE-26-816 | B7: 100 | C7: 46346 | D7: Grunderwerbsteuerbescheid | E7: 22500 | F7: 0 | G7: =SUM(E7:F7) -> 22500
A8: NF-26-118-139 | B8: 100 | C8: 46378 | D8: Notarkostenberechnung Grundstückskauf und Grundschuld | E8: 6598.5 | F8: 1252.01 | G8: =SUM(E8:F8) -> 7850.51
A9: GB-26-778 | B9: 100 | C9: 46379 | D9: Gerichtskostenrechnung Grundbuch | E9: 4047.5 | F9: 0 | G9: =SUM(E9:F9) -> 4047.5
A10: WG-26-104 | B10: 100 | C10: 46330 | D10: Grundstücksvermittlung | E10: 13500 | F10: 2565 | G10: =SUM(E10:F10) -> 16065
A11: BA-27-328-K | B11: 700 | C11: 46651 | D11: Kostenbescheid zum Bauantrag | E11: 4957.4 | F11: 0 | G11: =SUM(E11:F11) -> 4957.4
A12: BV-27-180 | B12: 700 | C12: 46713 | D12: Beitragsrechnung Bauleistungs- und Bauherrenhaftpflichtversicherung | E12: 9000 | F12: 0 | G12: =SUM(E12:F12) -> 9000
A13: LB-27-010 | B13: 800 | C13: 46389 | D13: Vereinbartes Finanzierungsentgelt | E13: 10000 | F13: 0 | G13: =SUM(E13:F13) -> 10000
A14: LB-Z-2027 | B14: 800 | C14: 46752 | D14: Darlehenszinsen 2027 | E14: 28800 | F14: 0 | G14: =SUM(E14:F14) -> 28800
A15: LB-Z-2028 | B15: 800 | C15: 47118 | D15: Darlehenszinsen 2028 | E15: 51200 | F15: 0 | G15: =SUM(E15:F15) -> 51200
A16: KF-27-091 | B16: 700 | C16: 46654 | D16: Objektplanung LPH 1 bis 4 | E16: 39150 | F16: 7438.5 | G16: =SUM(E16:F16) -> 46588.5
A17: KF-27-116 | B17: 700 | C17: 46717 | D17: Objektplanung LPH 5 bis 7 | E17: 56550 | F17: 10744.5 | G17: =SUM(E17:F17) -> 67294.5
... A43: LE-PV-28-099 | B43: 400 | C43: 47026 | D43: PV-Anlage Lieferung und Montage | E43: 45000 | F43: 0 | G43: =SUM(E43:F43) -> 45000
A44: Summe | E44: =SUM(E6:E43) -> 3026103.4 | F44: =SUM(F6:F43) -> 456112.01 | G44: =SUM(G6:G43) -> 3482215.4
A46: Quelle: Einzelbelege 70–106 und 119; Rechnungskorrekturen sind negativ.
