Workbook

Sheet Preisvergleich
A2: Preisvergleich mit nachvollziehbaren Rechenschritten
A3: Nora Brandt · Stand 25.09.2026, 12:30 Uhr · Beträge in EUR netto
A5: Bieter | B5: Nettoangebot EUR | C5: Preisrang | D5: Abstand zu Leinetal EUR | E5: Abstand zu Leinetal % | F5: Erfasste Positionen | G5: Rechenstatus
A6: Leinetal | B6: =IF(COUNT(D13:D32)=20,SUM(D13:D32),"Preis fehlt") -> 313600 | C6: =IF(COUNT($B$6:$B$8)=3,RANK(B6,$B$6:$B$8,1),"offen") -> 1 | D6: =IF(AND(ISNUMBER(B6),ISNUMBER($B$6)),B6-$B$6,"offen") -> 0 | E6: =IF(AND(ISNUMBER(D6),ISNUMBER($B$6),$B$6>0),D6/$B$6,"offen") -> 0 | F6: =COUNT(Angebotswerte!E6:E25) -> 20 | G6: =IF(F6=20,"vollständig","Preis fehlt") -> vollständig
A7: Weserklima | B7: =IF(COUNT(E13:E32)=20,SUM(E13:E32),"Preis fehlt") -> 356178 | C7: =IF(COUNT($B$6:$B$8)=3,RANK(B7,$B$6:$B$8,1),"offen") -> 2 | D7: =IF(AND(ISNUMBER(B7),ISNUMBER($B$6)),B7-$B$6,"offen") -> 42578 | E7: =IF(AND(ISNUMBER(D7),ISNUMBER($B$6),$B$6>0),D7/$B$6,"offen") -> 0.13577168 | F7: =COUNT(Angebotswerte!F6:F25) -> 20 | G7: =IF(F7=20,"vollständig","Preis fehlt") -> vollständig
A8: Harzraum | B8: =IF(COUNT(F13:F32)=20,SUM(F13:F32),"Preis fehlt") -> 371876 | C8: =IF(COUNT($B$6:$B$8)=3,RANK(B8,$B$6:$B$8,1),"offen") -> 3 | D8: =IF(AND(ISNUMBER(B8),ISNUMBER($B$6)),B8-$B$6,"offen") -> 58276 | E8: =IF(AND(ISNUMBER(D8),ISNUMBER($B$6),$B$6>0),D8/$B$6,"offen") -> 0.18582908 | F8: =COUNT(Angebotswerte!G6:G25) -> 20 | G8: =IF(F8=20,"vollständig","Preis fehlt") -> vollständig
A10: Der Preisrang berücksichtigt nur Zahlen. Die Berücksichtigungsfähigkeit bleibt Gegenstand der Prüfung.
A12: Position | B12: Leistung | C12: Menge | D12: Leinetal GP | E12: Weserklima GP | F12: Harzraum GP | G12: Weserklima minus Leinetal
A13: 01.010 | B13: Baustelleneinrichtung | C13: =Angebotswerte!C6 -> 1 | D13: =IF(AND(ISNUMBER(Angebotswerte!C6),ISNUMBER(Angebotswerte!E6)),ROUND(Angebotswerte!C6*Angebotswerte!E6,2),"Preis fehlt") -> 12800 | E13: =IF(AND(ISNUMBER(Angebotswerte!C6),ISNUMBER(Angebotswerte!F6)),ROUND(Angebotswerte!C6*Angebotswerte!F6,2),"Preis fehlt") -> 14200 | F13: =IF(AND(ISNUMBER(Angebotswerte!C6),ISNUMBER(Angebotswerte!G6)),ROUND(Angebotswerte!C6*Angebotswerte!G6,2),"Preis fehlt") -> 14900 | G13: =IF(AND(ISNUMBER(D13),ISNUMBER(E13)),E13-D13,"offen") -> 1400
A14: 01.020 | B14: Zentrales Lüftungsgerät | C14: =Angebotswerte!C7 -> 1 | D14: =IF(AND(ISNUMBER(Angebotswerte!C7),ISNUMBER(Angebotswerte!E7)),ROUND(Angebotswerte!C7*Angebotswerte!E7,2),"Preis fehlt") -> 78000 | E14: =IF(AND(ISNUMBER(Angebotswerte!C7),ISNUMBER(Angebotswerte!F7)),ROUND(Angebotswerte!C7*Angebotswerte!F7,2),"Preis fehlt") -> 102000 | F14: =IF(AND(ISNUMBER(Angebotswerte!C7),ISNUMBER(Angebotswerte!G7)),ROUND(Angebotswerte!C7*Angebotswerte!G7,2),"Preis fehlt") -> 107500 | G14: =IF(AND(ISNUMBER(D14),ISNUMBER(E14)),E14-D14,"offen") -> 24000
A15: 01.030 | B15: Dachabluftventilator | C15: =Angebotswerte!C8 -> 2 | D15: =IF(AND(ISNUMBER(Angebotswerte!C8),ISNUMBER(Angebotswerte!E8)),ROUND(Angebotswerte!C8*Angebotswerte!E8,2),"Preis fehlt") -> 17200 | E15: =IF(AND(ISNUMBER(Angebotswerte!C8),ISNUMBER(Angebotswerte!F8)),ROUND(Angebotswerte!C8*Angebotswerte!F8,2),"Preis fehlt") -> 18800 | F15: =IF(AND(ISNUMBER(Angebotswerte!C8),ISNUMBER(Angebotswerte!G8)),ROUND(Angebotswerte!C8*Angebotswerte!G8,2),"Preis fehlt") -> 19600 | G15: =IF(AND(ISNUMBER(D15),ISNUMBER(E15)),E15-D15,"offen") -> 1600
A16: 01.040 | B16: Rechteckkanal verzinkt | C16: =Angebotswerte!C9 -> 560 | D16: =IF(AND(ISNUMBER(Angebotswerte!C9),ISNUMBER(Angebotswerte!E9)),ROUND(Angebotswerte!C9*Angebotswerte!E9,2),"Preis fehlt") -> 66080 | E16: =IF(AND(ISNUMBER(Angebotswerte!C9),ISNUMBER(Angebotswerte!F9)),ROUND(Angebotswerte!C9*Angebotswerte!F9,2),"Preis fehlt") -> 70560 | F16: =IF(AND(ISNUMBER(Angebotswerte!C9),ISNUMBER(Angebotswerte!G9)),ROUND(Angebotswerte!C9*Angebotswerte!G9,2),"Preis fehlt") -> 73360 | G16: =IF(AND(ISNUMBER(D16),ISNUMBER(E16)),E16-D16,"offen") -> 4480
A17: 01.050 | B17: Rundrohrnetz | C17: =Angebotswerte!C10 -> 210 | D17: =IF(AND(ISNUMBER(Angebotswerte!C10),ISNUMBER(Angebotswerte!E10)),ROUND(Angebotswerte!C10*Angebotswerte!E10,2),"Preis fehlt") -> 15960 | E17: =IF(AND(ISNUMBER(Angebotswerte!C10),ISNUMBER(Angebotswerte!F10)),ROUND(Angebotswerte!C10*Angebotswerte!F10,2),"Preis fehlt") -> 17010 | F17: =IF(AND(ISNUMBER(Angebotswerte!C10),ISNUMBER(Angebotswerte!G10)),ROUND(Angebotswerte!C10*Angebotswerte!G10,2),"Preis fehlt") -> 17640 | G17: =IF(AND(ISNUMBER(D17),ISNUMBER(E17)),E17-D17,"offen") -> 1050
A18: 01.060 | B18: Wärmedämmung Kanalnetz | C18: =Angebotswerte!C11 -> 460 | D18: =IF(AND(ISNUMBER(Angebotswerte!C11),ISNUMBER(Angebotswerte!E11)),ROUND(Angebotswerte!C11*Angebotswerte!E11,2),"Preis fehlt") -> 18860 | E18: =IF(AND(ISNUMBER(Angebotswerte!C11),ISNUMBER(Angebotswerte!F11)),ROUND(Angebotswerte!C11*Angebotswerte!F11,2),"Preis fehlt") -> 20240 | F18: =IF(AND(ISNUMBER(Angebotswerte!C11),ISNUMBER(Angebotswerte!G11)),ROUND(Angebotswerte!C11*Angebotswerte!G11,2),"Preis fehlt") -> 21160 | G18: =IF(AND(ISNUMBER(D18),ISNUMBER(E18)),E18-D18,"offen") -> 1380
A19: 01.070 | B19: Brandschutzklappen | C19: =Angebotswerte!C12 -> 14 | D19: =IF(AND(ISNUMBER(Angebotswerte!C12),ISNUMBER(Angebotswerte!E12)),ROUND(Angebotswerte!C12*Angebotswerte!E12,2),"Preis fehlt") -> 12180 | E19: =IF(AND(ISNUMBER(Angebotswerte!C12),ISNUMBER(Angebotswerte!F12)),ROUND(Angebotswerte!C12*Angebotswerte!F12,2),"Preis fehlt") -> 13020 | F19: =IF(AND(ISNUMBER(Angebotswerte!C12),ISNUMBER(Angebotswerte!G12)),ROUND(Angebotswerte!C12*Angebotswerte!G12,2),"Preis fehlt") -> 13510 | G19: =IF(AND(ISNUMBER(D19),ISNUMBER(E19)),E19-D19,"offen") -> 840
A20: 01.080 | B20: Volumenstromregler | C20: =Angebotswerte!C13 -> 18 | D20: =IF(AND(ISNUMBER(Angebotswerte!C13),ISNUMBER(Angebotswerte!E13)),ROUND(Angebotswerte!C13*Angebotswerte!E13,2),"Preis fehlt") -> 7110 | E20: =IF(AND(ISNUMBER(Angebotswerte!C13),ISNUMBER(Angebotswerte!F13)),ROUND(Angebotswerte!C13*Angebotswerte!F13,2),"Preis fehlt") -> 7740 | F20: =IF(AND(ISNUMBER(Angebotswerte!C13),ISNUMBER(Angebotswerte!G13)),ROUND(Angebotswerte!C13*Angebotswerte!G13,2),"Preis fehlt") -> 8100 | G20: =IF(AND(ISNUMBER(D20),ISNUMBER(E20)),E20-D20,"offen") -> 630
A21: 01.090 | B21: Luftdurchlässe | C21: =Angebotswerte!C14 -> 42 | D21: =IF(AND(ISNUMBER(Angebotswerte!C14),ISNUMBER(Angebotswerte!E14)),ROUND(Angebotswerte!C14*Angebotswerte!E14,2),"Preis fehlt") -> 6510 | E21: =IF(AND(ISNUMBER(Angebotswerte!C14),ISNUMBER(Angebotswerte!F14)),ROUND(Angebotswerte!C14*Angebotswerte!F14,2),"Preis fehlt") -> 7056 | F21: =IF(AND(ISNUMBER(Angebotswerte!C14),ISNUMBER(Angebotswerte!G14)),ROUND(Angebotswerte!C14*Angebotswerte!G14,2),"Preis fehlt") -> 7224 | G21: =IF(AND(ISNUMBER(D21),ISNUMBER(E21)),E21-D21,"offen") -> 546
A22: 01.100 | B22: Kulissenschalldämpfer | C22: =Angebotswerte!C15 -> 6 | D22: =IF(AND(ISNUMBER(Angebotswerte!C15),ISNUMBER(Angebotswerte!E15)),ROUND(Angebotswerte!C15*Angebotswerte!E15,2),"Preis fehlt") -> 4680 | E22: =IF(AND(ISNUMBER(Angebotswerte!C15),ISNUMBER(Angebotswerte!F15)),ROUND(Angebotswerte!C15*Angebotswerte!F15,2),"Preis fehlt") -> 4950 | F22: =IF(AND(ISNUMBER(Angebotswerte!C15),ISNUMBER(Angebotswerte!G15)),ROUND(Angebotswerte!C15*Angebotswerte!G15,2),"Preis fehlt") -> 5160 | G22: =IF(AND(ISNUMBER(D22),ISNUMBER(E22)),E22-D22,"offen") -> 270
A23: 01.110 | B23: Außenluftgitter | C23: =Angebotswerte!C16 -> 4 | D23: =IF(AND(ISNUMBER(Angebotswerte!C16),ISNUMBER(Angebotswerte!E16)),ROUND(Angebotswerte!C16*Angebotswerte!E16,2),"Preis fehlt") -> 3800 | E23: =IF(AND(ISNUMBER(Angebotswerte!C16),ISNUMBER(Angebotswerte!F16)),ROUND(Angebotswerte!C16*Angebotswerte!F16,2),"Preis fehlt") -> 4080 | F23: =IF(AND(ISNUMBER(Angebotswerte!C16),ISNUMBER(Angebotswerte!G16)),ROUND(Angebotswerte!C16*Angebotswerte!G16,2),"Preis fehlt") -> 4180 | G23: =IF(AND(ISNUMBER(D23),ISNUMBER(E23)),E23-D23,"offen") -> 280
A24: 01.120 | B24: Regelung und Schaltschrank | C24: =Angebotswerte!C17 -> 1 | D24: =IF(AND(ISNUMBER(Angebotswerte!C17),ISNUMBER(Angebotswerte!E17)),ROUND(Angebotswerte!C17*Angebotswerte!E17,2),"Preis fehlt") -> 24500 | E24: =IF(AND(ISNUMBER(Angebotswerte!C17),ISNUMBER(Angebotswerte!F17)),ROUND(Angebotswerte!C17*Angebotswerte!F17,2),"Preis fehlt") -> 26800 | F24: =IF(AND(ISNUMBER(Angebotswerte!C17),ISNUMBER(Angebotswerte!G17)),ROUND(Angebotswerte!C17*Angebotswerte!G17,2),"Preis fehlt") -> 28100 | G24: =IF(AND(ISNUMBER(D24),ISNUMBER(E24)),E24-D24,"offen") -> 2300
... A32: 01.200 | B32: Erste Wartung | C32: =Angebotswerte!C25 -> 1 | D32: =IF(AND(ISNUMBER(Angebotswerte!C25),ISNUMBER(Angebotswerte!E25)),ROUND(Angebotswerte!C25*Angebotswerte!E25,2),"Preis fehlt") -> 3200 | E32: =IF(AND(ISNUMBER(Angebotswerte!C25),ISNUMBER(Angebotswerte!F25)),ROUND(Angebotswerte!C25*Angebotswerte!F25,2),"Preis fehlt") -> 3450 | F32: =IF(AND(ISNUMBER(Angebotswerte!C25),ISNUMBER(Angebotswerte!G25)),ROUND(Angebotswerte!C25*Angebotswerte!G25,2),"Preis fehlt") -> 3600 | G32: =IF(AND(ISNUMBER(D32),ISNUMBER(E32)),E32-D32,"offen") -> 250
A34: Rechenweg: Menge × Einheitspreis je Position, auf Cent gerundet. Die 20 Gesamtpreise ergeben die Nettosumme.
A35: Unbedingte Nachlässe betragen laut allen drei Angeboten 0 %. Es wird kein Skonto abgezogen.
A36: Quelle und Eingaben: Blatt Angebotswerte. Eine leere Preiszelle sperrt nur die betroffene Summe und die Rangfolge.
A37: Ein Preis von 0,00 EUR bleibt eine echte Zahl. Dies besagt nichts über seine vergaberechtliche Behandlung.

Sheet Angebotswerte
A2: Übertragene Angebotswerte
A3: Quelle: 08, 10 und 12, jeweils Blatt LV, Zeilen 6–25. Mengen aus 04, Blatt LV.
A5: Position | B5: Leistung | C5: Menge | D5: Einheit | E5: Leinetal EP | F5: Weserklima EP | G5: Harzraum EP
A6: 01.010 | B6: Baustelleneinrichtung | C6: 1 | D6: psch | E6: 12800 | F6: 14200 | G6: 14900
A7: 01.020 | B7: Zentrales Lüftungsgerät | C7: 1 | D7: St | E7: 78000 | F7: 102000 | G7: 107500
A8: 01.030 | B8: Dachabluftventilator | C8: 2 | D8: St | E8: 8600 | F8: 9400 | G8: 9800
A9: 01.040 | B9: Rechteckkanal verzinkt | C9: 560 | D9: m² | E9: 118 | F9: 126 | G9: 131
A10: 01.050 | B10: Rundrohrnetz | C10: 210 | D10: m | E10: 76 | F10: 81 | G10: 84
A11: 01.060 | B11: Wärmedämmung Kanalnetz | C11: 460 | D11: m² | E11: 41 | F11: 44 | G11: 46
A12: 01.070 | B12: Brandschutzklappen | C12: 14 | D12: St | E12: 870 | F12: 930 | G12: 965
A13: 01.080 | B13: Volumenstromregler | C13: 18 | D13: St | E13: 395 | F13: 430 | G13: 450
A14: 01.090 | B14: Luftdurchlässe | C14: 42 | D14: St | E14: 155 | F14: 168 | G14: 172
A15: 01.100 | B15: Kulissenschalldämpfer | C15: 6 | D15: St | E15: 780 | F15: 825 | G15: 860
A16: 01.110 | B16: Außenluftgitter | C16: 4 | D16: St | E16: 950 | F16: 1020 | G16: 1045
A17: 01.120 | B17: Regelung und Schaltschrank | C17: 1 | D17: psch | E17: 24500 | F17: 26800 | G17: 28100
... A25: 01.200 | B25: Erste Wartung | C25: 1 | D25: psch | E25: 3200 | F25: 3450 | G25: 3600
A27: Gelbe Felder sind bearbeitbare Überträge. Die eingegangenen Dateien 08, 10 und 12 bleiben unverändert.
A28: Die Einheitspreise sind in EUR netto gespeichert. Menge und Einheit müssen zusammen aus dem LV übernommen werden.
A29: Bei Korrekturen den Übertrag mit der Quelle vergleichen. Eine Bearbeitung hier ändert kein eingegangenes Angebot.
A31: Weiterführung des Preisspiegels 23: Dort stehen bereits Gesamtpreise. Hier werden sie aus Menge und EP neu berechnet.
A32: Die historischen Mappen 04, 08, 10, 12 und 23 bleiben wegen der Übermittlungsbelege in ihrer archivierten Fassung.
A33: Das Blatt Preisvergleich erläutert Summe, Abstände und Rang. Kostenaufklärung zeigt den Betrag aus Antwort 19.
A35: Stand der Quellen: Angebotseinreichung 31.08.2026; Antwort 19 vom 09.09.2026. Keine externen Dateiverknüpfungen.

Sheet Kostenaufklärung
A2: Nachvollzug Position 01.020
A3: Nora Brandt · Zahlen aus Antwort 19, Abschnitt 3 · EUR netto
A5: Bestandteil | B5: Ansatz EUR | C5: Anteil am EP | D5: Rechenart | E5: Beleglage
A6: Geräteeinkauf | B6: 61000 | C6: =IF(AND(ISNUMBER(B6),ISNUMBER($B$13),$B$13>0),B6/$B$13,"offen") -> 0.78205128 | D6: Übertrag aus 19 | E6: Einkaufsansatz des Bieters
A7: Transport und Hebevorgang | B7: 3200 | C7: =IF(AND(ISNUMBER(B7),ISNUMBER($B$13),$B$13>0),B7/$B$13,"offen") -> 0.041025641 | D7: Übertrag aus 19 | E7: Erläuterung des Bieters
A8: Montagepersonal | B8: 7600 | C8: =IF(AND(ISNUMBER(B8),ISNUMBER($B$13),$B$13>0),B8/$B$13,"offen") -> 0.097435897 | D8: Übertrag aus 19 | E8: Erläuterung des Bieters
A9: Anschlussmaterial | B9: 1200 | C9: =IF(AND(ISNUMBER(B9),ISNUMBER($B$13),$B$13>0),B9/$B$13,"offen") -> 0.015384615 | D9: Übertrag aus 19 | E9: Erläuterung des Bieters
A10: Gemeinkosten und Ergebnis | B10: 5000 | C10: =IF(AND(ISNUMBER(B10),ISNUMBER($B$13),$B$13>0),B10/$B$13,"offen") -> 0.064102564 | D10: Übertrag aus 19 | E10: Erläuterung des Bieters
A12: Summe der Erläuterung | B12: =IF(COUNT(B6:B10)=5,SUM(B6:B10),"Ansatz fehlt") -> 78000
A13: Angebotener Einheitspreis | B13: 78000
A14: Differenz zur Erläuterung | B14: =IF(AND(ISNUMBER(B12),ISNUMBER(B13)),B12-B13,"offen") -> 0
A15: Abgleich | B15: =IF(ISNUMBER(B14),IF(ABS(B14)<0.005,"betragsgleich","Differenz"),"Ansatz fehlt") -> betragsgleich
A18: Gesonderte Leistung | B18: Preis EUR | C18: Quelle | D18: Zuordnung | E18: Abgrenzung
A19: Regelung und Schaltschrank | B19: 24500 | C19: 19 Abschnitt 4 | D19: Position 01.120 | E19: Nicht nochmals in 01.020 addieren.
A20: Inbetriebnahme | B20: 9200 | C20: 19 Abschnitt 4 | D20: Position 01.160 | E20: Enthält Herstellerunterstützung laut Bieter.
A22: Die Übereinstimmung der Beträge belegt keine Einkaufsvereinbarung und keine ursprüngliche Ventilatorauswahl.
A23: Die Stadt hat die Jahreskondition bislang nicht selbst verifiziert. Fehlende Angaben werden nicht zu 0 EUR.
A25: Eingaben: gelbe Zellen. Formeln: Summe der fünf Ansätze, Differenz zum EP sowie Anteil jedes Ansatzes am EP.
A26: Ein zusätzlicher Einkaufspreis gehört nur nach belegter Änderung in eine neue Arbeitsfassung; das Angebot bleibt erhalten.
A28: Die Trennung von Gerätepreis, Regelung und Inbetriebnahme folgt Antwort 19 und dem Leistungsverzeichnis 04.
