Workbook

Sheet Eigentum
A1: Einheit | B1: Eigentümer | C1: MEA von 1000 | D1: Wohnfläche m² | E1: Nutzung | F1: Kontokennung
A2: 1 | B2: Edeltraud Tüddel | C2: 100 | D2: 80 | E2: Selbstnutzung | F2: WE01
A3: 2 | B3: Kian Yilmaz | C3: 110 | D3: 88 | E3: Vermietet | F3: WE02
A4: 3 | B4: Kunigunde Wackernagel | C4: 120 | D4: 96 | E4: Selbstnutzung | F4: WE03
A5: 4 | B5: Mirela Popescu | C5: 120 | D5: 96 | E5: Vermietet | F5: WE04
A6: 5 | B6: Alwin Pfitzner | C6: 130 | D6: 104 | E6: Selbstnutzung | F6: WE05
A7: 6 | B7: Asha Krüger | C7: 130 | D7: 104 | E7: Vermietet | F7: WE06
A8: 7 | B8: Bodo Zuckermann | C8: 140 | D8: 112 | E8: Selbstnutzung | F8: WE07
A9: 8 | B9: Noa Winter | C9: 150 | D9: 120 | E9: Vermietet | F9: WE08

Sheet Vorschuesse
A1: Einheit | B1: Eigentümer | C1: Kosten monatlich EUR | D1: Rücklage monatlich EUR | E1: Soll Jahr EUR | F1: Ist Jahr EUR | G1: Offen EUR
A2: 1 | B2: Edeltraud Tüddel | C2: 200 | D2: 66.67 | E2: =Eigentum!C2*32 -> 3200 | F2: 3200 | G2: =E2-F2 -> 0
A3: 2 | B3: Kian Yilmaz | C3: 220 | D3: 73.33 | E3: =Eigentum!C3*32 -> 3520 | F3: 3520 | G3: =E3-F3 -> 0
A4: 3 | B4: Kunigunde Wackernagel | C4: 240 | D4: 80 | E4: =Eigentum!C4*32 -> 3840 | F4: 3840 | G4: =E4-F4 -> 0
A5: 4 | B5: Mirela Popescu | C5: 240 | D5: 80 | E5: =Eigentum!C5*32 -> 3840 | F5: 3520 | G5: =E5-F5 -> 320
A6: 5 | B6: Alwin Pfitzner | C6: 260 | D6: 86.67 | E6: =Eigentum!C6*32 -> 4160 | F6: 4160 | G6: =E6-F6 -> 0
A7: 6 | B7: Asha Krüger | C7: 260 | D7: 86.67 | E7: =Eigentum!C7*32 -> 4160 | F7: 4160 | G7: =E7-F7 -> 0
A8: 7 | B8: Bodo Zuckermann | C8: 280 | D8: 93.33 | E8: =Eigentum!C8*32 -> 4480 | F8: 4480 | G8: =E8-F8 -> 0
A9: 8 | B9: Noa Winter | C9: 300 | D9: 100 | E9: =Eigentum!C9*32 -> 4800 | F9: 4800 | G9: =E9-F9 -> 0
A10: Summe | C10: =SUM(C2:C9) -> 2000 | D10: =SUM(D2:D9) -> 666.67 | E10: =SUM(E2:E9) -> 32000 | F10: =SUM(F2:F9) -> 31680 | G10: =SUM(G2:G9) -> 320
