Workbook

Sheet Abrechnungsentwurf
A1: Kostenart | B1: Gesamt EUR | C1: Belegnummer | D1: Je Wohnung EUR
A2: Wasser und Abwasser | B2: 1600 | C2: WA-2025-05 | D2: =B2/5 -> 320
A3: Müllabfuhr | B3: 600 | C3: MU-2025-05 | D3: =B3/5 -> 120
A4: Gebäudeversicherung | B4: 1000 | C4: GV-2025-05 | D4: =B4/5 -> 200
A5: Allgemeinstrom | B5: 260 | C5: ST-2025-05 | D5: =B5/5 -> 52
A6: Treppenhausreinigung | B6: 960 | C6: R-2025-71 | D6: =B6/5 -> 192
A7: Kleinreparatur | B7: 300 | C7: HR-2025-48 | D7: =B7/5 -> 60
A8: Verwaltung | B8: 900 | C8: HV-2025-05 | D8: =B8/5 -> 180
A9: Bankentgelte | B9: 60 | C9: BK-2025-05 | D9: =B9/5 -> 12
A10: Kosten gesamt | B10: =SUM(B2:B9) -> 5680 | D10: =SUM(D2:D9) -> 1136
A12: Kostenvorschüsse 2025 | B12: =Vorschuesse!E7 -> 6000 | C12: Beschluss vom 15.11.2024 | D12: =B12/5 -> 1200
A13: Guthaben laut Entwurf | B13: =B12-B10 -> 320 | C13: Fassung vom 15.09.2026 | D13: =D12-D10 -> 64

Sheet Vorschuesse
A1: Einheit | B1: Eigentümer | C1: Kosten monatlich EUR | D1: Rücklage monatlich EUR | E1: Kostensoll Jahr EUR | F1: Rücklagensoll Jahr EUR | G1: Eingegangen EUR | H1: Offen EUR
A2: WE01 | B2: Marta Blum | C2: 100 | D2: 25 | E2: =C2*12 -> 1200 | F2: =D2*12 -> 300 | G2: =SUMIFS(Bankbuch!$C$3:$C$118,Bankbuch!$F$3:$F$118,A2) -> 1500 | H2: =E2+F2-G2 -> 0
A3: WE02 | B3: Otto Freund | C3: 100 | D3: 25 | E3: =C3*12 -> 1200 | F3: =D3*12 -> 300 | G3: =SUMIFS(Bankbuch!$C$3:$C$118,Bankbuch!$F$3:$F$118,A3) -> 1500 | H3: =E3+F3-G3 -> 0
A4: WE03 | B4: Nora Sommer | C4: 100 | D4: 25 | E4: =C4*12 -> 1200 | F4: =D4*12 -> 300 | G4: =SUMIFS(Bankbuch!$C$3:$C$118,Bankbuch!$F$3:$F$118,A4) -> 1500 | H4: =E4+F4-G4 -> 0
A5: WE04 | B5: Emil Kurz | C5: 100 | D5: 25 | E5: =C5*12 -> 1200 | F5: =D5*12 -> 300 | G5: =SUMIFS(Bankbuch!$C$3:$C$118,Bankbuch!$F$3:$F$118,A5) -> 1500 | H5: =E5+F5-G5 -> 0
A6: WE05 | B6: Aylin Berg | C6: 100 | D6: 25 | E6: =C6*12 -> 1200 | F6: =D6*12 -> 300 | G6: =SUMIFS(Bankbuch!$C$3:$C$118,Bankbuch!$F$3:$F$118,A6) -> 1500 | H6: =E6+F6-G6 -> 0
A7: Summe | C7: =SUM(C2:C6) -> 500 | D7: =SUM(D2:D6) -> 125 | E7: =SUM(E2:E6) -> 6000 | F7: =SUM(F2:F6) -> 1500 | G7: =SUM(G2:G6) -> 7500 | H7: =SUM(H2:H6) -> 0

Sheet Bankbuch
A1: Buchungstag | B1: Buchung | C1: Eingang EUR | D1: Ausgang EUR | E1: Saldo EUR | F1: Referenz
A2: 45658 | B2: Anfangsbestand Betriebskonto | C2: 1000 | D2: 0 | E2: =C2-D2 -> 1000 | F2: Vortrag 2024
A3: 45663 | B3: Hausgeld WE01 Marta Blum | C3: 125 | D3: 0 | E3: =E2+C3-D3 -> 1125 | F3: WE01
A4: 45663 | B4: Hausgeld WE02 Otto Freund | C4: 125 | D4: 0 | E4: =E3+C4-D4 -> 1250 | F4: WE02
A5: 45663 | B5: Hausgeld WE03 Nora Sommer | C5: 125 | D5: 0 | E5: =E4+C5-D5 -> 1375 | F5: WE03
A6: 45663 | B6: Hausgeld WE04 Emil Kurz | C6: 125 | D6: 0 | E6: =E5+C6-D6 -> 1500 | F6: WE04
A7: 45663 | B7: Hausgeld WE05 Aylin Berg | C7: 125 | D7: 0 | E7: =E6+C7-D7 -> 1625 | F7: WE05
A8: 45672 | B8: Gebäudeversicherung | C8: 0 | D8: 1000 | E8: =E7+C8-D8 -> 625 | F8: GV-2025-05
A9: 45677 | B9: Treppenhausreinigung | C9: 0 | D9: 80 | E9: =E8+C9-D9 -> 545 | F9: R-2025-17
A10: 45677 | B10: Allgemeinstrom | C10: 0 | D10: 20 | E10: =E9+C10-D10 -> 525 | F10: ST-2025-05
A11: 45684 | B11: Verwaltung | C11: 0 | D11: 75 | E11: =E10+C11-D11 -> 450 | F11: HV-2025-05
A12: 45685 | B12: Kontoführung | C12: 0 | D12: 5 | E12: =E11+C12-D12 -> 445 | F12: BK-2025-05
A13: 45693 | B13: Hausgeld WE01 Marta Blum | C13: 125 | D13: 0 | E13: =E12+C13-D13 -> 570 | F13: WE01
A14: 45693 | B14: Hausgeld WE02 Otto Freund | C14: 125 | D14: 0 | E14: =E13+C14-D14 -> 695 | F14: WE02
... A118: 46020 | B118: Übertrag Rücklagenkonto | C118: 0 | D118: 1500 | E118: =E117+C118-D118 -> 1340 | F118: RL-2025-01
